Date,S&P500,Dividend,Earnings,CPI,Long.Interest.Rate,Real.Price,Real.Dividend,Real.Total.Return.Price,Real.Earnings,Real.TR.Scaled.Earnings,Cyclically.Adjusted.PE,Total.Return.Cyclically.Adjusted.PE,GSPC.Open,GSPC.High,GSPC.Low,GSPC.Close,GSPC.Volume,GSPC.Adjusted,VIX.Open,VIX.High,VIX.Low,VIX.Close,VIX.Adjusted
1990.01,339.97,11.14,22.49,127.4,8.21,691.23,22.65,230828.76,45.73,15269.99,17.05,20.41,7503.76001,7540.430023,7418.240082,7479.380006,3793250000,7479.380006,513.640002,513.640002,513.640002,513.640002,513.640002
1990.02,330.45,11.23,22.08,128,8.47,668.73,22.73,223945.7,44.68,14963.6,16.51,19.74,6275.790041,6311.820035,6239.160094,6278.600067,2961970000,6278.600067,441.990005,441.990005,441.990005,441.990005,441.990005
1990.03,338.46,11.32,21.67,128.7,8.59,681.21,22.78,228762.32,43.61,14646.57,16.83,20.1,7438.030029,7475.459963,7404.039946,7446.23001,3283280000,7446.23001,441.369996,441.369996,441.369996,441.369996,441.369996
1990.04,338.18,11.44,21.53,128.9,8.79,679.59,22.98,228861.59,43.27,14572.55,16.81,20.06,6772.699979,6800.959992,6733.239989,6763.559965,2801220000,6763.559965,428.070001,428.070001,428.070001,428.070001,428.070001
1990.05,350.25,11.55,21.4,129.2,8.76,702.21,23.16,237129.56,42.9,14486.2,17.39,20.72,7675.079989,7727.580019,7655.449979,7705.500032,3596680000,7705.500032,398.149999,398.149999,398.149999,398.149999,398.149999
1990.06,360.39,11.66,21.26,129.9,8.48,718.65,23.25,243334.11,42.39,14354.68,17.82,21.21,7572.390077,7611.140046,7528.990022,7568.119997,3226280000,7568.119997,353.269996,353.269996,353.269996,353.269996,353.269996
1990.07,360.03,11.73,21.42,130.4,8.47,715.18,23.29,242816.23,42.55,14446.36,17.75,21.1,7562.529998,7596.029938,7509.130005,7560.649994,3373540000,7560.649994,386.250003,386.250003,386.250003,386.250003,386.250003
1990.08,330.75,11.78,21.58,131.6,8.75,651.02,23.19,221690.98,42.48,14464.37,16.17,19.21,7640.599915,7690.729949,7541.679993,7607.169953,4020730000,7607.169953,648.029995,648.029995,648.029995,648.029995,648.029995
1990.09,315.41,11.83,21.74,132.7,8.89,615.68,23.09,210311.92,42.44,14495.99,15.3,18.17,6010.130006,6034.989961,5941.669952,5992.730012,2687280000,5992.730012,553.039999,553.039999,553.039999,553.039999,553.039999
1990.1,307.12,11.93,21.61,133.5,8.72,595.91,23.14,204215.81,41.92,14367.12,14.82,17.59,7065.95004,7131.730011,6998.570005,7063.870054,3671900000,7063.870054,681.390008,681.390008,681.390008,681.390008,681.390008
1990.11,315.29,12.01,21.47,133.8,8.39,610.39,23.26,209842.47,41.57,14291.64,15.19,18.02,6602.889953,6652.20996,6564.390016,6621.110014,3149770000,6621.110014,522.600003,522.600003,522.600003,522.600003,522.600003
1990.12,328.75,12.09,21.34,133.8,8.08,636.45,23.41,219471.37,41.31,14246.45,15.85,18.8,6566.96002,6597.769988,6535.470032,6574.990049,3116830000,6574.990049,467.260002,467.260002,467.260002,467.260002,467.260002
1991.01,325.49,12.11,21.18,134.6,8.09,626.39,23.3,216673.04,40.77,14101.36,15.61,18.5,7146.940003,7199.970063,7105.209991,7160.680023,3660240000,7160.680023,603.440006,603.440006,603.440006,603.440006,603.440006
1991.02,362.26,12.11,21.03,134.8,7.85,696.12,23.28,241463.38,40.4,14015.29,17.35,20.56,6859.829988,6927.629974,6824.399994,6883.000001,4303170000,6883.000001,410.370001,410.370001,410.370001,410.370001,410.370001
1991.03,372.28,12.11,20.94,135,8.11,714.31,23.24,248446.22,40.18,13974.6,17.82,21.1,7437.429961,7490.119995,7401.079927,7445.579985,3927920000,7445.579985,358.369998,358.369998,358.369998,358.369998,358.369998
1991.04,379.68,12.13,20.36,135.2,8.04,727.43,23.24,253683.48,39.01,13605.75,18.16,21.48,8352.940032,8405.69995,8299.74994,8352.929992,4017200000,8352.929992,382.200002,382.200002,382.200002,382.200002,382.200002
1991.05,377.99,12.14,19.86,135.6,8.07,722.06,23.19,252483.26,37.93,13263.54,18.04,21.33,8300.040009,8349.300051,8261.149962,8315.829986,3739700000,8315.829986,372.51,372.51,372.51,372.51,372.51
1991.06,378.29,12.15,19.41,136,8.28,720.51,23.14,252614.78,36.97,12961.62,18.02,21.29,7584.499969,7606.849978,7533.020019,7565.859985,3258730000,7565.859985,342.7,342.7,342.7,342.7,342.7
1991.07,380.23,12.19,18.84,136.2,8.27,723.14,23.19,254214.97,35.83,12596.09,18.1,21.38,8348.360014,8395.429962,8319.110017,8364.98999,3481570000,8364.98999,380.47,380.47,380.47,380.47,380.47
1991.08,389.4,12.24,18.33,136.6,7.9,738.41,23.2,260263.28,34.76,12251.22,18.51,21.85,8559.369935,8605.26007,8519.169984,8566.869936,3713820000,8566.869936,344.990002,344.990002,344.990002,344.990002,344.990002
1991.09,387.2,12.28,17.82,137.2,7.65,731.03,23.18,258342.1,33.64,11889.61,18.36,21.66,7751.349975,7779.580046,7715.299925,7743.969999,3260990000,7743.969999,339.129992,339.129992,339.129992,339.129992,339.129992
1991.1,386.88,12.25,17.2,137.4,7.53,729.36,23.1,258433.15,32.43,11491.69,18.35,21.64,8893.550016,8930.46997,8854.169981,8898.320036,4082380000,8898.320036,376.369997,376.369997,376.369997,376.369997,376.369997
1991.11,385.92,12.23,16.59,137.8,7.42,725.44,22.98,257722.21,31.18,11076.81,18.29,21.56,7735.599944,7765.520019,7674.47003,7718.389983,3737620000,7718.389983,355.470001,355.470001,355.470001,355.470001,355.470001
1991.12,388.51,12.2,15.97,137.9,7.09,729.78,22.92,259942.15,30,10685.12,18.44,21.73,8116.759947,8184.210082,8087.590026,8158.72,4155310000,8158.72,385.300003,385.300003,385.300003,385.300003,385.300003
1992.01,416.08,12.24,16.05,138.1,7.03,780.43,22.96,278666.83,30.1,10747.17,19.77,23.29,9161.779904,9196.399993,9105.870088,9153.649929,5286280000,9153.649929,379.860002,399.999999,369.999997,389.029997,389.029997
1992.02,412.56,12.28,16.12,138.6,7.34,771.04,22.95,275995.45,30.13,10786.21,19.58,23.06,7834.830016,7870.399993,7794.790008,7838.560027,4267610000,7838.560027,326.769997,342.599999,319.809998,332.07,332.07
1992.03,407.36,12.32,16.19,139.3,7.54,757.5,22.91,271830.68,30.11,10803.56,19.28,22.7,8971.049989,8999.089935,8934.769988,8962.01999,4066240000,8962.01999,389.760001,396.559995,379.490002,385.45,385.45
1992.04,407.41,12.32,16.48,139.5,7.48,756.5,22.88,272158.39,30.61,11011.19,19.3,22.71,8544.130006,8588.179963,8497.059937,8555.550021,4315840000,8555.550021,353.749998,362.100004,341.789999,347.819996,347.819996
1992.05,414.81,12.32,16.77,139.7,7.39,769.14,22.84,277389.88,31.09,11212.15,19.66,23.13,8295.990021,8326.619965,8263.02002,8296.29004,3643980000,8296.29004,296.060002,315.070003,290.33,301.540001,301.540001
1992.06,408.27,12.32,17.05,140.2,7.26,754.31,22.76,272726.92,31.5,11389.51,19.32,22.72,8989.329989,9018.250003,8948.00003,8982.040039,4259830000,8982.040039,328.970001,346.970006,321.060001,334.470002,334.470002
1992.07,415.05,12.34,17.38,140.5,6.84,765.2,22.76,277349.64,32.04,11613.87,19.62,23.07,9114.979981,9155.849944,9078.289978,9131.130006,4265220000,9131.130006,287.01,312.570001,282.21,299.24,299.24
1992.08,417.93,12.37,17.71,140.9,6.59,768.33,22.74,279168.02,32.56,11829.89,19.72,23.18,8786.670012,8809.790039,8748.240022,8776.469999,3653820000,8776.469999,293.67,315.45,286.06,302.860001,302.860001
1992.09,418.48,12.4,18.04,141.3,6.42,767.16,22.73,279432.37,33.07,12045.88,19.71,23.16,8784.160063,8818.429964,8753.109984,8788.019989,4023850000,8788.019989,277.84,293.46,273.85,287.63,287.63
1992.1,412.5,12.39,18.39,141.8,6.59,753.53,22.63,275154.93,33.59,12266.91,19.37,22.76,9074.260009,9112.740113,9023.949983,9075.060028,4507010000,9075.060028,380.430003,403.219999,370.5,388.010002,388.010002
1992.11,422.84,12.38,18.74,142,6.87,771.33,22.59,282342.27,34.18,12513.23,19.83,23.3,8444.199981,8477.879975,8421.719971,8456.879942,4148770000,8456.879942,291.620001,301.420001,280.94,288.490001,288.490001
1992.12,435.64,12.39,19.09,141.9,6.77,795.24,22.62,291784.1,34.85,12786.15,20.45,24.02,9579.81003,9610.880006,9549.259948,9584.070009,4876150000,9584.070009,263.84,282.66,255.55,268.21,268.21
1993.01,435.23,12.41,19.34,142.6,6.6,790.59,22.55,290767.97,35.13,12920.65,20.32,23.87,8701.520019,8731.320069,8671.829986,8704.579986,5280850000,8704.579986,246.55,258.62,239.32,248.18,248.18
1993.02,441.7,12.45,19.59,143.1,6.26,799.54,22.53,294749.9,35.46,13072.56,20.55,24.12,8387.839967,8424.529968,8349.090027,8392.369936,5442450000,8392.369936,258.79,273.210001,251.2,260.71,260.71
1993.03,450.16,12.48,19.84,143.6,5.98,812.02,22.51,300040.97,35.79,13223.77,20.86,24.48,10345.28,10393.54996,10307.26001,10353.56998,5766950000,10353.56998,310.5,325.37,302.53,312.939999,312.939999
1993.04,443.08,12.49,19.67,144,5.97,797.03,22.47,295193.65,35.38,13104.76,20.46,24.01,9316.010009,9346.49997,9266.040009,9304.630036,5853170000,9304.630036,270,284.13,259.05,269.66,269.66
1993.05,445.25,12.51,19.5,144.2,6.04,799.82,22.47,296921.35,35.03,13003.85,20.52,24.07,8895.030028,8930.73004,8858.300048,8904.929961,5108640000,8904.929961,273.79,284.42,265.8,272.12,272.12
1993.06,448.06,12.52,19.33,144.4,5.96,803.75,22.46,299076.19,34.68,12902.61,20.61,24.18,9856.880006,9888.150025,9824.670013,9857.309967,5544400000,9857.309967,281.41,292.01,270.36,275.53,275.53
1993.07,447.29,12.52,19.69,144.4,5.81,802.37,22.46,299258.64,35.32,13173.56,20.56,24.12,9395.139985,9423.159972,9360.290007,9393.009949,5308530000,9393.009949,239.79,254.08,229.12,241.51,241.51
1993.08,454.13,12.52,20.05,144.8,5.68,812.39,22.4,303691.72,35.87,13408.1,20.81,24.41,9975.649995,10009.79996,9955.300018,9990.810031,5506200000,9990.810031,262.54,277.87,255.9,262.43,262.43
1993.09,459.24,12.52,20.41,145.1,5.36,819.83,22.35,307170.25,36.44,13651.57,20.99,24.61,9648.479919,9674.699953,9606.150055,9643.939912,5552720000,9643.939912,266.3,283.409999,258.32,271.559999,271.559999
1993.1,463.9,12.54,20.9,145.7,5.33,824.74,22.29,309705.48,37.16,13953.1,21.11,24.74,9733.079896,9765.790039,9708.699923,9741.899932,5940460000,9741.899932,252.98,265.74,240.41,249.38,249.38
1993.11,462.89,12.56,21.39,145.8,5.72,822.38,22.31,309517.52,38,14302.71,21.04,24.65,9726.799957,9757.029967,9681.480011,9720.699982,5876610000,9720.699982,295.150002,311.600002,284.82,295.76,295.76
1993.12,465.95,12.58,21.89,145.8,5.77,827.82,22.35,312264.62,38.89,14669.97,21.16,24.78,10245.26996,10273.65003,10222.87997,10250.80005,5791210000,10250.80005,254.37,263.55,241.7,249.84,249.84
1994.01,472.99,12.62,22.16,146.2,5.75,838.03,22.37,316818.39,39.26,14841.01,21.41,25.06,9917.75003,9952.690063,9894.93997,9932.850005,6627390000,9932.850005,240.33,249.02,229.71,237.1,237.1
1994.02,471.58,12.67,22.43,146.7,5.97,832.68,22.37,315501.97,39.61,15008.59,21.26,24.88,8974.459994,9005.059999,8928.100006,8960.019989,5853100000,8960.019989,253.48,270.709999,242.91,259.24,259.24
1994.03,463.81,12.71,22.71,147.2,6.48,816.18,22.37,309955.78,39.96,15176.68,20.83,24.36,10689.03003,10715.91,10613.48993,10667.58002,7225010000,10667.58002,340.070001,367.069999,331.220001,350.140002,350.140002
1994.04,447.23,12.75,23.54,147.4,6.97,785.93,22.41,299179.41,41.37,15747.34,20.06,23.44,8492.610048,8536.560059,8441.250002,8497.410034,5735010000,8497.410034,313.959999,336.149995,303.059998,312.949999,312.949999
1994.05,450.9,12.8,24.37,147.5,7.18,791.85,22.47,302142.89,42.8,16330.06,20.2,23.59,9463.290008,9498.799985,9419.720031,9468.870025,5675970000,9468.870025,291.86,305.420002,283.59,291.84,291.84
1994.06,454.83,12.84,25.2,148,7.1,796.05,22.47,304461.26,44.11,16868.77,20.29,23.69,10018.46997,10051.56998,9966.99994,10006.16998,5852670000,10006.16998,290.840001,307.379999,282.68,294.989999,294.989999
1994.07,451.4,12.87,25.91,148.4,7.3,787.92,22.46,302066.76,45.23,17338.39,20.07,23.42,9014.170014,9045.489962,8989.589937,9028.019988,4980100000,9028.019988,253.67,262.78,244.05,249.69,249.69
1994.08,464.24,12.9,26.62,149,7.24,807.07,22.43,310124.49,46.28,17782.86,20.54,23.95,10660.73004,10704.95993,10634.92005,10677.59006,6398750000,10677.59006,271.82,286.12,263.51,273.45,273.45
1994.09,466.96,12.92,27.33,149.4,7.46,809.62,22.4,311823.65,47.39,18250.26,20.58,23.98,9819.109923,9849.559999,9774.889985,9806.119931,6152870000,9806.119931,272.23,290.23,266.24,277.9,277.9
1994.1,463.81,13.01,28.42,149.5,7.74,803.62,22.55,310236.67,49.24,19009.78,20.4,23.75,9730.649933,9777.69998,9689.419956,9740.089997,6344700000,9740.089997,314.009999,332.349999,306.990001,320.149998,320.149998
1994.11,461.01,13.1,29.51,149.7,7.96,797.7,22.66,308680.86,51.06,19759.16,20.21,23.51,9699.840057,9736.240083,9645.140015,9681.320038,6251240000,9681.320038,334.049998,355.260002,329.46,344.06,344.06
1994.12,455.19,13.17,30.6,149.7,7.81,787.63,22.79,305518.79,52.95,20538.4,19.91,23.15,9553.520018,9591.920014,9518.160004,9558.91995,6351530000,9558.91995,298.820002,312.380001,287.380001,297.720001,297.720001
1995.01,465.25,13.18,31.25,150.3,7.78,801.83,22.71,311758.61,53.86,20940.26,20.22,23.49,9759.160065,9793.939911,9730.019989,9770.249999,6852060000,9770.249999,260.26,269.93,251.91,257.76,257.76
1995.02,481.92,13.18,31.9,150.9,7.47,827.25,22.62,322378.03,54.76,21339.35,20.8,24.14,9139.590027,9179.640044,9120.770019,9156.570008,6330100000,9156.570008,216.08,225,212.47,217.93,217.93
1995.03,493.15,13.17,32.55,151.4,7.2,843.73,22.53,329532.56,55.69,21750.55,21.15,24.53,11329.12009,11370.1,11289.80002,11342.52008,7792400000,11342.52008,277.72,289.01,270.72,279.83,279.83
1995.04,507.91,13.24,33.18,151.9,7.06,866.13,22.58,339013.34,56.58,22144.36,21.64,25.07,9637.100005,9668.960022,9607.520047,9650.210022,6307030000,9650.210022,232.02,246.61,226.94,236.41,236.41
1995.05,523.81,13.31,33.8,152.2,6.63,891.48,22.65,349675.61,57.53,22565.8,22.2,25.68,11505.32013,11559.71002,11460.33014,11523.90008,7555690000,11523.90008,262.4,279.34,258,269.85,269.85
1995.06,539.35,13.36,34.43,152.5,6.17,916.12,22.69,360082.99,58.48,22986.29,22.72,26.26,11854.81988,11906.68988,11812.48993,11865.78986,7555650000,11865.78986,261.35,272.68,254.77,261.73,261.73
1995.07,557.37,13.44,34.68,152.5,6.28,946.73,22.83,372861.31,58.91,23199.72,23.38,26.99,11128.21008,11178.10998,11083.01996,11147.32996,7307960000,11147.32996,248.21,262.98,242.56,250.28,250.28
1995.08,559.11,13.51,34.93,152.9,6.49,947.2,22.89,373798,59.18,23352.76,23.28,26.86,11128.21008,11178.10998,11083.01996,11147.32996,7307960000,11147.32996,248.21,262.98,242.56,250.28,250.28
1995.09,578.77,13.58,35.18,153.2,6.2,978.59,22.96,386939.26,59.48,23519.75,23.95,27.59,11552.80988,11594.45996,11517.13995,11575.30988,7052830000,11575.30988,235.66,251.96,231.06,241.14,241.14
1995.1,582.92,13.65,34.77,153.7,6.04,982.4,23,389203.99,58.6,23217.43,23.93,27.54,12827.10999,12865.32007,12768.90002,12824.20001,8043320000,12824.20001,311.21,330.01,304.31,315.86,315.86
1995.11,595.53,13.72,34.37,153.6,5.93,1004.3,23.14,398646.18,57.96,23004.98,24.35,28,12482.31,12528.32001,12451.01996,12506.17999,7602150000,12506.17999,262.39,274.8,256.22,261.85,261.85
1995.12,614.57,13.79,33.96,153.5,5.71,1037.09,23.27,412429.26,57.31,22790.08,25.03,28.75,12280.87,12330.84003,12239.22015,12291.41998,7697540000,12291.41998,235.36,249.95,220.91,234.97,234.97
1996.01,614.42,13.89,33.99,154.4,5.65,1030.79,23.31,410697.57,57.02,22717.77,24.76,28.42,13497.15008,13563.09009,13430.18994,13517.24011,9188050000,13517.24011,293.239999,307.650001,284.44,296.42,296.42
1996.02,649.54,14,34.01,154.9,5.81,1086.19,23.41,433548.55,56.88,22702.86,25.98,29.78,12986.43011,13060.22003,12912.95996,12990.84009,8749960000,12990.84009,294.319999,308.789998,289.240002,300.659996,300.659996
1996.03,647.07,14.1,34.04,155.7,6.27,1076.5,23.46,430461.01,56.63,22644.99,25.63,29.36,13583.49994,13655.85004,13497.68994,13588.56995,8984200000,13588.56995,365.68,384.690002,358.240003,373.009994,373.009994
1996.04,647.17,14.16,34.33,156.3,6.51,1072.54,23.46,429656.63,56.89,22791.71,25.42,29.1,13581.95996,13639.90009,13515.6001,13590.62994,8875580000,13590.62994,344.970004,359.399997,339.049997,348.079999,348.079999
1996.05,661.23,14.21,34.62,156.6,6.74,1093.74,23.51,438934.94,57.26,22981.3,25.81,29.52,14532.12,14616.27997,14461.9101,14547.07001,8921140000,14547.07001,352.180001,368.020001,343.339999,355.220003,355.220003
1996.06,668.5,14.27,34.91,156.7,6.91,1105.06,23.59,444266.58,57.71,23200.22,25.97,29.67,13368.46985,13420.58002,13314.56006,13369.97986,7930840000,13369.97986,325.679998,335.48,319.44,327.900003,327.900003
1996.07,644.07,14.4,35.27,157,6.87,1062.64,23.76,428009.14,58.2,23440.46,24.86,28.38,14199.51996,14261.79004,14059.46002,14169.54999,8849860000,14169.54999,390.819996,419.050001,379.700003,395.529999,395.529999
1996.08,662.68,14.53,35.64,157.3,6.64,1091.26,23.93,440339.43,58.68,23679.97,25.41,28.99,14566.97015,14622.69,14504.65009,14579.01013,7380320000,14579.01013,348.55,360.830002,339.409999,346.730002,346.730002
1996.09,674.88,14.66,36,157.8,6.83,1107.83,24.06,447834.39,59.09,23888.75,25.68,29.27,13462.36993,13537.03009,13417.98004,13497.70996,8064070000,13497.70996,332.519999,341.569998,324.839998,331.56,331.56
1996.1,701.46,14.74,36.91,158.3,6.53,1147.82,24.12,464814.55,60.4,24457.99,26.48,30.16,16116.11005,16190.21985,16061.22003,16133.48004,9703670000,16133.48004,373.850001,385.210002,368.19,376.780003,376.780003
1996.11,735.67,14.82,37.82,158.6,6.2,1201.52,24.2,487378.13,61.77,25055.58,27.59,31.38,14661.63013,14747.82984,14626.16009,14713.38013,8763850000,14713.38013,319.010001,329.899999,312.079999,319.939995,319.939995
1996.12,743.25,14.9,38.73,158.6,6.3,1213.9,24.34,493222.45,63.26,25701.32,27.72,31.51,15624.53992,15711.18011,15506.60999,15608.22986,9089170000,15608.22986,401.010008,415.809994,390.190001,404.479998,404.479998
1997.01,766.22,14.95,39.23,159.1,6.58,1247.49,24.35,507691.77,63.88,25995.7,28.33,32.17,16811.34998,16944.31989,16728.66992,16856.76996,11635830000,16856.76996,430.349998,442.66,418.239997,428.409992,428.409992
1997.02,798.39,15.01,39.74,159.6,6.42,1295.79,24.36,528176.1,64.49,26287.87,29.27,33.19,15164.71002,15239.13001,15064.6601,15169.30011,9715930000,15169.30011,380.819998,391.479996,375.339999,382.649999,382.649999
1997.03,792.16,15.06,40.24,160,6.69,1282.46,24.38,523572.67,65.15,26596.35,28.8,32.64,15876.81006,15957.82007,15745.71997,15843.11005,10120760000,15843.11005,398.969999,413.349998,392.159995,403.4,403.4
1997.04,763.93,15.09,40.34,160.2,6.89,1235.22,24.4,505114.17,65.23,26675.18,27.59,31.23,16762.20007,16894.96008,16659.51013,16806.42011,10454880000,16806.42011,437.279997,445.249997,423.319999,432.569996,432.569996
1997.05,833.09,15.13,40.45,160.1,6.71,1347.89,24.47,552021.16,65.44,26800.75,29.93,33.84,17447.93005,17584.19,17338.75012,17494.92004,10106650000,17494.92004,421.58,432.609998,408.780003,418.420004,418.420004
1997.06,876.29,15.16,40.55,160.3,6.49,1416.01,24.5,580757.92,65.53,26874.36,31.26,35.31,18365.16998,18507.58008,18279.54004,18402.01001,10857950000,18402.01001,424.660001,432.400001,417.84,424.080005,424.080005
1997.07,925.29,15.22,40.58,160.5,6.22,1493.33,24.56,613307.68,65.49,26897.54,32.77,36.97,20287.31,20448.26007,20189.51007,20356.47998,11958120000,20356.47998,451.919997,463.379995,442.95,451.639999,451.639999
1997.08,927.24,15.27,40.61,160.8,6.3,1493.68,24.6,614295.61,65.42,26904.09,32.59,36.73,19537.27997,19647.88996,19328.42987,19482.44995,10606100000,19482.44995,485.190005,501.979991,472.550006,484.780001,484.780001
1997.09,937.02,15.33,40.64,161.2,6.21,1505.69,24.63,620078.71,65.3,26893.77,32.67,36.78,19629.69995,19806.4201,19535.56006,19677.51001,11383000000,19677.51001,501.989999,513.460001,490.240001,500.059997,500.059997
1997.1,951.16,15.39,40.33,161.6,6.03,1524.63,24.66,628724.35,64.65,26660.63,32.9,37,21909.30993,22096.18994,21659.31006,21876.66992,14017260000,21876.66992,549.37,585.259998,525.219999,549.030005,549.030005
1997.11,938.92,15.44,40.03,161.5,5.88,1505.94,24.77,621869.11,64.2,26510.64,32.34,36.32,17798.77008,17951.35004,17688.35999,17839.55011,10173620000,17839.55011,613.830007,626.949994,597.460003,608.660003,608.660003
1997.12,962.37,15.5,39.72,161.3,5.81,1545.47,24.89,639047.5,63.79,26375.48,33.03,37.06,21157.02008,21304.34003,21011.08997,21172.04004,11958880000,21172.04004,577.919997,597.590002,563.609995,578.080001,578.080001
1998.01,963.36,15.55,39.66,161.6,5.54,1544.19,24.93,639376.2,63.57,26322.1,32.86,36.83,19257.33002,19383.34991,19097.35992,19267.18005,12733830000,19267.18005,480.950002,497.650003,467.160002,477.330001,477.330001
1998.02,1023.74,15.6,39.6,161.9,5.57,1637.93,24.96,679052.23,63.36,26266.89,34.71,38.86,19382.04022,19504.1203,19306.43024,19451.10016,11656550000,19451.10016,383.379994,390.960003,374.809998,379.979997,379.979997
1998.03,1076.83,15.64,39.54,162.2,5.65,1719.68,24.98,713808.93,63.14,26210.27,36.3,40.58,23637.75012,23781.04004,23541.14026,23690.21008,13719590000,23690.21008,440.740003,454.709997,432.4,443.489999,443.489999
1998.04,1112.2,15.75,39.35,162.5,5.64,1772.89,25.11,736762.33,62.73,26066.89,37.28,41.63,23346.13013,23481.52978,23201.5,23356.12012,13656060000,23356.12012,466.650003,479.239998,453.340002,462.599999,462.599999
1998.05,1108.42,15.85,39.16,162.8,5.65,1763.61,25.22,733778.62,62.31,25924.08,36.96,41.22,22189.27002,22310.47986,22058.17004,22168.33997,11477140000,22168.33997,414.140005,430.599996,404.969993,417.479997,417.479997
1998.06,1108.39,15.95,38.97,163,5.5,1761.4,25.35,733737.28,61.93,25797.55,36.8,40.99,24341.8197,24530.08997,24217.7699,24384.5697,13551970000,24384.5697,477.389998,490.829998,462.469999,476.580001,476.580001
1998.07,1156.58,16.02,38.68,163.2,5.46,1835.73,25.42,765582.53,61.39,25601.52,38.26,42.56,25457.87976,25594.05018,25264.64978,25444.69995,14194800000,25444.69995,433.930004,454.910002,423.600001,438.459996,438.459996
1998.08,1074.62,16.08,38.38,163.4,5.34,1703.55,25.5,711345.64,60.85,25407.86,35.42,39.36,22730.41992,22900.75989,22372.85004,22567.02991,15071550000,22567.02991,648.26001,690.329999,629.990003,663.349994,663.349994
1998.09,1020.64,16.14,38.09,163.6,4.81,1616,25.55,675676.83,60.31,25216.07,33.53,37.21,21373.70001,21662.84998,21063.49011,21433.44,16714080000,21433.44,817.509995,845.390004,781.050005,802.300009,802.300009
1998.1,1032.47,16.17,37.96,164,4.53,1630.75,25.53,682731.06,59.96,25103.61,33.77,37.44,22632.68018,22939.02002,22377.95001,22714.34021,18001650000,22714.34021,818.68,845.289991,784.859997,805.380004,805.380004
1998.11,1144.43,16.18,37.84,164,4.83,1807.58,25.56,757657.5,59.76,25049.38,37.37,41.38,22823.70972,23003.31995,22712.77039,22888.66968,13451280000,22888.66968,525.440002,542.319995,511.259998,524.460003,524.460003
1998.12,1190.05,16.2,37.71,163.9,4.65,1880.78,25.6,789234.72,59.6,25009.07,38.82,42.93,26115.5199,26323.9701,25930.40979,26181.11987,15181450000,26181.11987,565.439996,582.809996,546.700003,560.539996,560.539996
1999.01,1248.77,16.28,37.93,164.3,4.72,1968.78,25.67,827058.98,59.8,25123.2,40.58,44.81,23676.30994,23903.78992,23461.5199,23726.71997,16213500000,23726.71997,532.400001,553.869996,512.939999,532.670002,532.670002
1999.02,1246.58,16.37,38.16,164.5,5,1962.94,25.77,825506.97,60.08,25268.01,40.4,44.56,23726.37024,23908.24023,23472.55005,23685.06018,14555860000,23685.06018,547.160003,564.71,533.790002,547.63,547.63
1999.03,1281.66,16.45,38.38,165,5.23,2012.06,25.82,847070.66,60.25,25365.99,41.36,45.55,29430.22998,29668.41004,29229.7301,29478.27002,18002500000,29478.27002,586.750001,598.459995,572.879999,582.120005,582.120005
1999.04,1334.76,16.45,39.26,166.2,5.18,2080.29,25.64,876695.39,61.19,25786.7,42.7,46.97,27981.10986,28220.38001,27745.52991,28029.88989,18523200000,28029.88989,490.980002,508.229997,478.5,493.050001,493.050001
1999.05,1332.07,16.45,40.14,166.2,5.54,2076.1,25.64,875828.93,62.56,26391.84,42.56,46.75,26674.82031,26858.98987,26397.51013,26641.48022,15880260000,26641.48022,523.889997,544.279997,512.39,524.090007,524.090007
1999.06,1322.55,16.45,41.02,166.2,5.9,2061.26,25.64,870470.9,63.93,26998.39,42.18,46.27,29025.28015,29248.37024,28830.19006,29096.16016,16079170000,29096.16016,525.040003,541.190001,509.789997,519.780001,519.780001
1999.07,1380.99,16.51,42,166.7,5.79,2145.89,25.66,907111.46,65.26,27587.95,43.83,48.01,29044.77002,29191.81018,28833.82983,29000.79004,15332930000,29000.79004,439.029998,455.770003,429.539998,442.029998,442.029998
1999.08,1327.49,16.58,42.98,167.1,5.94,2057.82,25.7,870787.57,66.63,28193.39,41.93,45.87,29213.06031,29426.59998,28974.82996,29204.75037,15818550000,29204.75037,536.779998,552.619998,522.340005,535.119996,535.119996
1999.09,1318.17,16.64,43.96,167.9,5.92,2033.64,25.67,861459.3,67.82,28729.03,41.32,45.15,27719.30005,27892.22034,27461.84985,27681.60998,16438700000,27681.60998,513.119995,533.139999,501.330003,515.370002,515.370002
1999.1,1300.01,16.66,45.36,168.2,6.11,2002.04,25.65,848981.44,69.86,29624.87,40.55,44.26,27219.99011,27496.13013,26988.88977,27300.21021,18832000000,27300.21021,505.330002,524.179996,488.950004,504.449997,504.449997
1999.11,1391,16.67,46.77,168.3,6.03,2140.9,25.66,908770.25,71.98,30553.67,43.21,47.09,29185.07983,29389.54993,29040.42004,29211.05981,18384820000,29211.05981,457.919999,471.98,447.019994,458.180002,458.180002
1999.12,1428.68,16.69,48.17,168.3,6.28,2198.89,25.69,934296.07,74.14,31501.14,44.2,48.11,31350.69006,31591.32019,31230.79993,31431.05005,19640690000,31431.05005,487.72,501.719999,476.749998,487.5,487.5
2000.01,1425.59,16.71,49.1,168.8,6.66,2187.63,25.65,930421.98,75.34,32043.31,43.77,47.59,28586.50012,28831.08997,28230.72022,28511.71008,21494400000,28511.71008,466.009999,484.64,448.320005,464.039997,464.039997
2000.02,1388.87,16.74,50.02,169.8,6.52,2118.73,25.53,902022.94,76.31,32488.42,42.19,45.81,27805.5199,28028.53003,27516.18994,27777.48999,20912000000,27777.48999,470.730003,489.770002,459.290003,471.910004,471.910004
2000.03,1442.21,16.76,50.95,171.2,6.26,2182.11,25.36,929905.44,77.09,32851.44,43.22,46.88,33038.73987,33481.54993,32749.39978,33170.88977,26156200000,33170.88977,524.240004,540.040001,506.060005,522.519997,522.519997
2000.04,1461.36,16.74,51.27,171.3,5.99,2209.8,25.31,942601.82,77.53,33072.16,43.53,47.16,27811.90979,28102.02991,27372.7301,27765.74988,20106460000,27765.74988,518.450002,542.160001,498.110003,516.120007,516.120007
2000.05,1418.48,16.72,51.6,171.5,6.44,2142.45,25.25,914774.18,77.93,33274.56,41.97,45.41,31238.37012,31528.67029,30878.68018,31206.55005,19898300000,31206.55005,584.889999,600.910008,569.180003,580.210002,580.210002
2000.06,1461.96,16.7,51.92,172.4,6.1,2196.6,25.09,938785.24,78.01,33339.99,42.78,46.25,32129.09998,32381.39026,31935.95032,32163.09998,21738300000,32163.09998,484.420003,490.190003,469.629994,473.88,473.88
2000.07,1473,16.58,52.51,172.8,6.05,2208.06,24.86,944570.31,78.72,33674.5,42.76,46.17,29483.81995,29686.04004,29294.7002,29460.04993,19089100000,29460.04993,395.929999,405.579999,391.160001,397.860005,397.860005
2000.08,1485.46,16.47,53.11,172.8,5.83,2226.74,24.68,953440.31,79.61,34086.44,42.87,46.24,34078.68982,34315.98975,33951.51001,34165.53992,20363700000,34165.53992,421.069997,425.150002,411.640004,416.040001,416.040001
2000.09,1468.05,16.35,53.7,173.7,5.8,2189.24,24.38,938253.5,80.08,34320.5,41.9,45.15,29442.25012,29591.4801,29185.4801,29361.08008,20838300000,29361.08008,393.989996,405.339997,385.059997,393.75,393.75
2000.1,1390.14,16.32,52.47,174,5.74,2069.48,24.3,887796.06,78.11,33507.2,39.37,42.38,30590.29004,30914.63989,30234.48023,30583.17004,25951400000,30583.17004,551.179998,573.339996,534.429998,554.400002,554.400002
2000.11,1378.04,16.3,51.23,174.1,5.72,2050.29,24.25,880429.86,76.23,32732.98,38.78,41.71,28992.2898,29179.56995,28649.03015,28875.78967,20532300000,28875.78967,554.61,568.319996,543.46,554.039998,554.039998
2000.12,1330.93,16.27,50,174,5.24,1981.34,24.22,851686.71,74.43,31995.92,37.27,40.06,26613.44995,26909.36011,26373.26001,26618.58997,23610800000,26618.58997,534.509998,546.689996,517.009993,530.609998,530.609998
2001.01,1335.63,16.17,48.48,175.1,5.16,1975.84,23.92,850181.9,71.72,30859.46,36.98,39.71,28002.85022,28259.99011,27757.02002,28048.42017,27829800000,28048.42017,532.709999,542.199997,515.229997,523.290001,523.290001
2001.02,1305.75,16.07,46.96,175.8,5.1,1923.95,23.68,828701.61,69.19,29803.43,35.83,38.46,24935.56006,25056.11987,24623.19995,24809.28003,21644400000,24809.28003,443.009996,460.010003,432.46,444.820004,444.820004
2001.03,1185.85,15.97,45.44,176.2,4.89,1743.32,23.48,751740.57,66.8,28805.58,32.33,34.68,26168.31018,26401.53028,25794.07983,26088.7002,27806610000,26088.7002,636.080003,651.720002,613.889996,626.930004,626.930004
2001.04,1189.84,15.88,42.56,176.9,5.14,1742.26,23.25,752120.66,62.31,26900.88,32.17,34.5,23707.62,24033.85999,23471.08008,23796.73999,25409990000,23796.73999,565.099996,578.000005,549.099997,562.680001,562.680001
2001.05,1270.37,15.78,39.67,177.7,5.39,1851.81,23.01,800237.69,57.83,24991.22,34.07,36.52,27944.94995,28117.77039,27722.23999,27948.10999,24525900000,27948.10999,514.199999,521.869995,499.359995,504.77,504.77
2001.06,1238.71,15.69,36.79,178,5.28,1802.61,22.83,779801.41,53.54,23160.3,33.07,35.43,26044.35974,26200.74975,25838.43982,26012.9198,24748030000,26012.9198,446.529998,454.160004,432.840004,439.749998,439.749998
2001.07,1204.45,15.71,33.96,177.5,5.24,1757.69,22.92,761195.98,49.56,21464.36,32.16,34.45,25306.62,25481.25012,25101.5304,25293.43994,23793710000,25293.43994,471.800001,481.930004,459.510001,468.640001,468.640001
2001.08,1178.5,15.72,31.14,177.5,4.97,1719.82,22.95,745624.01,45.44,19699.83,31.4,33.63,27183.27027,27325.97009,26951.23999,27105.59033,23359200000,27105.59033,497.159994,515.180005,485.799997,502.819998,502.819998
2001.09,1044.64,15.74,28.31,178.3,4.73,1517.64,22.87,658792.93,41.13,17853.45,27.67,29.63,15762.29993,15910.23999,15469.18994,15669.65991,25025290000,15669.65991,536.950008,554.459999,511.600003,525.98,525.98
2001.1,1076.59,15.74,27.1,177.7,4.57,1569.33,22.94,682064.33,39.51,17171.08,28.58,30.61,24742.71997,24939.17993,24485.94995,24761.58008,29951280000,24761.58008,762.610001,780.699997,737.989992,752.590004,752.590004
2001.11,1129.68,15.74,25.9,177.4,4.65,1649.51,22.98,717741.76,37.81,16453.44,30.01,32.14,23643.68005,23838.14002,23489.65027,23723.34998,26330000000,23723.34998,574.530001,581.759997,551.03,559.249999,559.249999
2001.12,1144.93,15.74,24.69,176.7,5.09,1678.4,23.07,731149.24,36.19,15766.97,30.5,32.68,22888.94019,23038.10999,22763.3103,22898.60022,25128570000,22898.60022,476.529998,484.1,465.5,474.400001,474.400001
2002.01,1140.21,15.74,24.69,177.1,5.04,1667.7,23.02,727326.04,36.12,15751.58,30.28,32.45,23962.24011,24118.52015,23789.1001,23944.36011,29746200000,23944.36011,470.960001,485.370004,456.500001,467.310001,467.310001
2002.02,1100.67,15.73,24.7,177.8,4.91,1603.53,22.92,700172.82,35.98,15710.37,29.09,31.18,20936.17981,21094.65003,20761.93994,20912.70984,26047600000,20912.70984,437.470005,450.960007,422.830004,434.640007,434.640007
2002.03,1153.79,15.73,24.7,178.8,5.28,1671.52,22.79,730688.47,35.78,15642.37,30.29,32.48,23035.16004,23208.52978,22908.59985,23075.82007,26563200000,23075.82007,387.380004,391.139996,376.429994,379.699999,379.699999
2002.04,1111.93,15.83,25.38,179.8,5.21,1601.92,22.81,701093.27,36.56,16002.58,29.01,31.1,24535.22986,24659.76001,24321.77026,24464.75989,28568900000,24464.75989,435.779995,449.550003,425.589997,437.810002,437.810002
2002.05,1079.25,15.94,26.06,179.8,5.16,1554.84,22.96,681325.27,37.54,16451.55,28.13,30.17,23753.66016,23931.37,23559.2002,23743.88013,26905500000,23743.88013,445.159997,455.99,433.05,441.929997,441.929997
2002.06,1014.02,16.04,26.74,179.9,4.93,1460.05,23.1,640633.41,38.5,16893.69,26.39,28.32,20357.94019,20504.04004,20075.72009,20280.96015,29981510000,20280.96015,509.519997,527.279998,489.469994,505.419999,505.419999
2002.07,903.59,15.96,27.84,180.1,4.65,1299.6,22.95,571071.79,40.04,17594.97,23.46,25.19,19956.61011,20208.63013,19517.20001,19878.88007,42228720000,19878.88007,750.519994,783.089993,722.109996,749.089989,749.089989
2002.08,912.55,15.88,28.94,180.7,4.26,1308.13,22.76,575653.11,41.49,18255.88,23.59,25.34,20064.71002,20318.12012,19772.61999,20076.15002,29298400000,20076.15002,749.719998,773.509995,718.750003,742.340004,742.340004
2002.09,867.81,15.8,30.04,181,3.87,1241.93,22.61,547352.16,42.99,18947.07,22.37,24.03,17458.06012,17602.07013,17175.83008,17356.24011,27723710000,17356.24011,762.490002,778.790004,735.229994,752.950009,752.950009
2002.1,854.63,15.89,29.22,181.3,3.94,1221.05,22.7,538981.01,41.75,18429.99,21.96,23.61,19581.90015,19899.53015,19312.4801,19656.52008,37856310000,19656.52008,822.490006,838.519999,794.450001,810.589999,810.589999
2002.11,909.93,15.98,28.41,181.3,4.05,1300.06,22.83,574696.34,40.59,17941.17,23.35,25.11,18147.99011,18360.42004,17993.98999,18198.5401,29200960000,18198.5401,568.089996,580.929999,548.069997,563.499996,563.499996
2002.12,899.18,16.07,27.59,180.9,4.03,1287.54,23.01,570010.23,39.51,17489.92,23.1,24.86,18938.12006,19067.89996,18752.68988,18882.75006,25993640000,18882.75006,597.220003,610.640003,579.909996,592.420002,592.420002
2003.01,895.84,16.12,28.5,181.7,4.05,1277.11,22.98,566240.39,40.63,18014.21,22.9,24.65,18836.69,18997.49005,18642.32001,18812.56,30749580000,18812.56,579.809997,593.710007,563.650004,575.91,575.91
2003.02,837.03,16.17,29.41,183.1,3.9,1184.15,22.88,525867.82,41.61,18476.96,21.21,22.85,15929.31006,16067.68994,15770.31,15914.76007,25235300000,15914.76007,619.409998,626.720006,605.690001,612.15,612.15
2003.03,846.63,16.22,30.32,184.2,3.81,1190.57,22.81,529566.8,42.64,18965.15,21.31,22.97,17772.17999,17936.98999,17567.27008,17779.04993,30080030000,17779.04993,651.89,659.620003,635.990004,643.32,643.32
2003.04,890.03,16.2,31.73,183.8,3.96,1254.33,22.84,558771.49,44.72,19920.47,22.43,24.19,18621.79999,18836.41016,18522.46985,18690.53998,29669610000,18690.53998,510.210004,517.480002,496.200002,503.829999,503.829999
2003.05,935.96,16.19,33.14,183.5,3.57,1321.22,22.85,589415.79,46.78,20869.74,23.59,25.45,19608.54987,19766.46002,19483.81976,19655.21991,30952100000,19655.21991,429.77,437.39,418.939997,425.029999,425.029999
2003.06,988,16.17,34.55,183.7,3.33,1393.16,22.8,622357.96,48.72,21763.63,24.83,26.8,20736.99005,20900.36005,20608.31995,20747.90002,31219400000,20747.90002,431.450004,437.929996,422.479997,427.609995,427.609995
2003.07,992.54,16.31,35.89,183.9,3.98,1398.04,22.97,625393.06,50.56,22616.16,24.87,26.84,21820,21984.35999,21668.36005,21835.90002,31553200000,21835.90002,425.729997,433.149999,415.750002,421.549998,421.549998
2003.08,989.53,16.45,37.24,184.6,4.45,1388.51,23.08,621992.67,52.25,23405.99,24.64,26.61,20762.47009,20873.13996,20641.81995,20780.17011,24881470000,20780.17011,410.360001,419.399993,399.08,404.759999,404.759999
2003.09,1019.44,16.59,38.58,185.2,4.27,1425.85,23.2,639583.5,53.96,24204.59,25.24,27.26,21420.31995,21528.44013,21283.35004,21408.27991,29940110000,21408.27991,412.220002,421.210001,402.870005,410.18,410.18
2003.1,1038.73,16.86,41.97,185,4.29,1454.4,23.6,653272.58,58.76,26393.45,25.68,27.74,23836.1499,23990.08997,23733.61993,23890.88989,32298500000,23890.88989,422.420002,429.070002,408.820004,414.540001,414.540001
2003.11,1049.9,17.12,45.35,184.5,4.3,1474.02,24.04,662986.84,63.67,28639.55,25.95,28.03,19940.62,20036.90979,19840.76001,19948.07996,24463220000,19948.07996,333.379997,341.270006,324.040002,330.620001,330.620001
2003.12,1080.64,17.39,48.74,184.3,4.27,1518.83,24.44,684055.05,68.5,30852.87,26.64,28.78,23720.27014,23841.3999,23652.4801,23773.99024,27839130000,23773.99024,370.779998,381.140001,359.190002,370.18,370.18
2004.01,1132.52,17.6,49.83,185.2,4.15,1584.01,24.62,714335.64,69.69,31428.11,27.66,29.88,22631.14001,22741.71997,22519.69995,22650.34998,32820000000,22650.34998,326.229998,334.959994,313.460005,322.019999,322.019999
2004.02,1143.36,17.81,50.91,186.2,4.08,1590.58,24.78,718230.96,70.83,31982.52,27.65,29.87,21710.85022,21815.03003,21623.67981,21723.77014,27985600000,21723.77014,307.430001,314.519998,299.23,303.970002,303.970002
2004.03,1123.98,18.02,52,187.4,3.83,1553.61,24.91,702473.01,71.88,32499.33,26.89,29.04,25870.22961,26006.30957,25708.11999,25851.49963,33597900000,25851.49963,403.710003,420.499999,388.910003,406.809999,406.809999
2004.04,1133.36,18.21,53.38,188,4.35,1561.57,25.09,707020.3,73.55,33301.95,26.9,29.06,23813.51001,23940.88025,23679.19006,23794.65002,31611900000,23794.65002,329.630003,345.140001,317.659999,329.670002,329.670002
2004.05,1102.78,18.41,54.77,189.1,4.72,1510.6,25.21,684893.21,75.02,34013.42,25.9,27.98,22042.25,22173.58984,21918.04004,22055.63,29326400000,22055.63,359.070005,367.44,345.179998,354.099996,354.099996
2004.06,1132.76,18.6,56.15,189.7,4.73,1546.76,25.4,702247.07,76.67,34809.82,26.4,28.52,23767.74036,23883.90015,23677.40991,23787.90027,27529500000,23787.90027,323.699999,333.230003,314.490001,322.500001,322.500001
2004.07,1105.85,18.79,56.69,189.4,4.5,1512.41,25.69,687622.39,77.53,35250.09,25.7,27.76,23261.89978,23350.95996,23122.20007,23222.77979,29285600000,23222.77979,327.92,339.810002,315.689998,325.549999,325.549999
2004.08,1088.94,18.97,57.23,189.5,4.28,1488.49,25.94,677732.99,78.23,35618.73,25.17,27.19,23954.04981,24063.2102,23830.51977,23956.56982,26586800000,23956.56982,372.92,381.889998,358.459997,367.049998,367.049998
2004.09,1117.66,19.16,57.77,189.9,4.13,1524.53,26.14,695134.13,78.8,35930.34,25.67,27.73,23460.44031,23556.4104,23381.27002,23470.78028,26829870000,23470.78028,303.03,308.17,291.17,295.7,295.7
2004.1,1117.21,19.25,58.03,190.9,4.1,1515.94,26.12,692207.03,78.74,35954.54,25.41,27.45,23463.76001,23582.18018,23345.90003,23479.43005,31511000000,23479.43005,315.66,325.73,302.81,314.449999,314.449999
2004.11,1168.94,19.35,58.29,191,4.19,1585.3,26.24,724877.38,79.05,36146.51,26.47,28.58,24504.05005,24635.9801,24434.34998,24547.69006,30460280000,24547.69006,286.24,292.65,278.01,285.12,285.12
2004.12,1199.21,19.44,58.55,190.3,4.23,1632.33,26.46,747391.98,79.7,36490.52,27.14,29.31,26344.46997,26465.80017,26270.15991,26382.60999,31102500000,26382.60999,274.14,280.64,268.17,274.11,274.11
2005.01,1181.41,19.7,59.11,190.7,4.22,1604.73,26.76,735775.12,80.29,36811.28,26.59,28.71,23658.80994,23760.56982,23538.41016,23628.15991,31498800000,23628.15991,271.18,276.24,260.98,268.76,268.76
2005.02,1199.63,19.97,59.66,191.8,4.17,1620.14,26.97,743867.9,80.58,36996.11,26.74,28.87,22770.58008,22868.5199,22687.09033,22792.91004,29297410000,22792.91004,225.9,230.5,217.26,222.47,222.47
2005.03,1194.9,20.23,60.22,193.3,4.5,1601.22,27.11,736222.53,80.7,37103.79,26.34,28.43,26310.76001,26428.38013,26192.1698,26287.75,39014150000,26287.75,288.62,296,280.28,288.78,288.78
2005.04,1164.43,20.46,61.23,194.6,4.34,1549.97,27.24,713699.67,81.51,37530.99,25.41,27.43,24476.49988,24604.72022,24317.79993,24452.97986,43424270000,24452.97986,298.559999,318.689999,285.87,303.64,303.64
2005.05,1178.28,20.7,62.25,194.4,4.14,1570.02,27.58,723989.77,82.94,38247.23,25.65,27.69,24709.14001,24823.13989,24602.22998,24743.79004,39321990000,24743.79004,295.140001,309.060001,285.26,293.320001,293.320001
2005.06,1202.25,20.93,63.26,194.5,4,1601.13,27.87,739409.39,84.25,38906.25,26.07,28.14,26449.72998,26560.31995,26355.39002,26449.5697,40334040000,26449.5697,263.08,270.02,253.79,261.11,261.11
2005.07,1222.24,21.11,64.33,195.4,4.18,1620.26,27.98,749318.31,85.28,39438.77,26.29,28.37,24401.88989,24519.70007,24327.5802,24444.73999,37464670000,24444.73999,224.2,230.07,215.05,220.98,220.98
2005.08,1224.27,21.29,65.4,196.4,4.26,1614.69,28.08,747823.39,86.26,39948.42,26.1,28.17,28172.08008,28287.91003,28056.4198,28158.20996,42030090000,28158.20996,295.8,307.34,287.83,297.88,297.88
2005.09,1225.92,21.47,66.47,198.8,4.2,1597.34,27.97,740870.73,86.61,40170.38,25.73,27.76,25736.43005,25843.00989,25639.03015,25744.21021,44777510000,25744.21021,268.53,275.97,258.71,265.19,265.19
2005.1,1191.96,21.72,67.59,199.2,4.46,1549.98,28.24,719992.57,87.89,40827.12,24.88,26.84,25053.05005,25193.89014,24893.2102,25031.25,49793790000,25031.25,310.98,324.600003,298.4,313.689998,313.689998
2005.11,1237.37,21.97,68.71,197.6,4.54,1622.05,28.8,754588.92,90.07,41901.62,25.93,27.98,25942.2699,26064.09998,25872.27014,25984.73987,45102870000,25984.73987,258.82,265.66,249.9,255.1,255.1
2005.12,1262.07,22.22,69.83,196.8,4.47,1661.16,29.25,773914.25,91.91,42820.47,26.44,28.53,26504.70007,26614.10986,26423.87012,26503.51013,41756130000,26503.51013,234.79,241.96,228.78,236.46,236.46
2006.01,1278.73,22.41,70.78,198.3,4.42,1670.35,29.27,779335.28,92.45,43135.57,26.47,28.55,25542.70007,25658.41992,25454.92004,25574.44995,49211650000,25574.44995,242.26,248.96,234.16,240.72,240.72
2006.02,1276.65,22.59,71.72,198.7,4.57,1664.28,29.45,777646.45,93.5,43688.87,26.25,28.31,24255.72009,24349.18994,24151.58008,24256.26025,42859940000,24256.26025,239.54,245.25,231.13,236.95,236.95
2006.03,1293.74,22.78,72.67,199.8,4.72,1677.27,29.53,784867.81,94.21,44086.4,26.33,28.4,29741.84985,29871.59997,29642.13977,29755.8999,50905040000,29755.8999,270.23,277.77,260.68,268.96,268.96
2006.04,1302.17,23,73.28,201.5,4.99,1673.96,29.57,784470.11,94.2,44144.28,26.15,28.2,24733.77014,24851.8501,24627.00989,24741.14014,43308430000,24741.14014,227.23,232.54,219.26,225.1,225.1
2006.05,1290.01,23.22,73.88,202.5,5.11,1650.14,29.7,774466.73,94.51,44356.39,25.65,27.66,28418.28003,28535.69019,28252.27991,28380.2998,54312830000,28380.2998,313.220001,331.170001,299.949999,318.000001,318.000001
2006.06,1253.17,23.44,74.49,202.9,5.11,1599.85,29.92,752036.76,95.1,44702.01,24.75,26.69,27567.05005,27742.77015,27399.53003,27569.69995,54873260000,27569.69995,374.439994,396.749995,352.529998,372.209998,372.209998
2006.07,1260.24,23.66,75.85,203.5,5.09,1604.14,30.12,755229.43,96.55,45454.95,24.7,26.63,25197.01001,25335.39014,25060.34009,25204.69006,46348220000,25204.69006,307.200002,320.550002,293.050001,306.519998,306.519998
2006.08,1287.15,23.88,77.21,203.9,4.88,1635.18,30.34,771032.91,98.09,46250.59,25.05,27.02,29576.23999,29718.66028,29474.8197,29604.44006,50485620000,29604.44006,311.27,317.84,300.94,307.09,307.09
2006.09,1317.74,24.1,78.57,202.9,4.72,1682.29,30.77,794456.38,100.31,47369.31,25.64,27.66,26322.60022,26428.19018,26243.97021,26354.86023,49001440000,26354.86023,247.23,255,238.25,243.69,243.69
2006.1,1363.38,24.36,79.55,201.8,4.73,1750.04,31.27,827683.49,102.11,48293.37,26.54,28.62,29951.01978,30053.7699,29849.76965,29994.29981,56793620000,29994.29981,253.36,257.4,244.82,248.74,248.74
2006.11,1388.64,24.62,80.53,201.5,4.6,1785.12,31.65,845520.88,103.52,49033.44,26.93,29.03,29135.29993,29256.58997,29044.7898,29161.32984,55343930000,29161.32984,229.6,234.32,221.66,227.17,227.17
2006.12,1416.42,24.88,81.51,201.8,4.56,1818.12,31.94,862414.11,104.63,49628.91,27.28,29.41,28308.87,28416.40015,28227.09045,28328.40015,47578780000,28328.40015,221.37,228.26,212.05,219.29,219.29
2007.01,1424.16,25.08,82.06,202.42,4.76,1822.5,32.1,865756.71,105.01,49882.82,27.21,29.33,28458.55969,28576.44971,28353.92969,28483.21973,56686200000,28483.21973,225.18,231.25,215.19,220.85,220.85
2007.02,1444.8,25.29,82.6,203.5,4.72,1839.07,32.19,874903.85,105.14,50020.75,27.32,29.44,27479.42004,27567.34973,27337.2998,27451.10022,51844990000,27451.10022,208.219999,219.930001,201.03,211.949999,211.949999
2007.03,1406.95,25.49,83.15,205.35,4.56,1774.73,32.15,845570.44,104.89,49972.77,26.23,28.26,30937.33032,31106.76001,30750.02002,30952.94006,67622250000,30952.94006,337.139999,358.379997,315.13,333.58,333.58
2007.04,1463.64,25.72,83.74,206.69,4.69,1834.32,32.23,875243.11,104.95,50075.74,26.98,29.07,29210.07971,29336.1897,29131.77014,29272.81006,57032470000,29272.81006,260.82,269.43,251.23,258.66,258.66
2007.05,1511.14,25.94,84.33,207.95,4.75,1882.35,32.32,899444.24,105.05,50193.98,27.55,29.68,33193.70972,33358.40015,33104.2804,33245.00989,64958050000,33245.00989,294.24,302.28,283.76,292.55,292.55
2007.06,1514.19,26.17,84.92,208.35,5.1,1882.5,32.54,900811.93,105.58,50520.05,27.42,29.53,31829.78992,31996.89978,31645.23023,31804.27991,65322800000,31804.27991,313.309999,329.87,296.739999,313.899998,313.899998
2007.07,1520.71,26.44,82.81,208.3,5,1891.09,32.88,906232.08,102.98,49350.7,27.41,29.52,31982.79004,32147.61975,31751.77979,31934.79993,70337430000,31934.79993,356.699998,380.059998,344.859997,362.739999,362.739999
2007.08,1454.62,26.71,80.71,207.92,4.67,1812.23,33.28,869768.77,100.55,48257.37,26.15,28.16,33434.62012,33750.37012,33109.78003,33456.19006,91381760000,33456.19006,576.739999,614.520001,542.690002,575.599993,575.599993
2007.09,1497.12,26.98,78.6,208.49,4.52,1860.05,33.52,894061.43,97.65,46938.94,26.73,28.78,28392.33972,28581.94006,28249.42004,28445.2102,57809700000,28445.2102,431.420003,444.869993,410.679998,421.780001,421.780001
2007.1,1539.66,27.23,74.46,208.94,4.53,1908.82,33.76,918855.3,92.31,44437.06,27.32,29.42,35402.90039,35562.0304,35177.24011,35412.1499,76022580000,35412.1499,440.539998,463.219999,423.57,439.659998,439.659998
2007.11,1463.39,27.48,70.32,210.18,4.15,1803.55,33.87,869539.97,86.67,41783.84,25.73,27.71,30791.71973,31032.44995,30454.59009,30731.08997,86246950000,30731.08997,536.729994,565.46,501.759997,537.229999,537.229999
2007.12,1479.22,27.73,66.18,210.04,4.1,1824.28,34.2,880910.14,81.62,39411.74,25.96,27.96,29603.28992,29779.04016,29389.21985,29584.46997,64821670000,29584.46997,434.060005,449.650001,418.490006,433.019998,433.019998
2008.01,1378.76,27.92,64.25,211.08,3.74,1691.98,34.26,818401.52,78.85,38137.38,24.02,25.89,29028.77991,29309.95007,28614.16992,28954.03992,98475340000,28954.03992,550.520006,573.379993,517.489998,542.140006,542.140006
2008.02,1354.87,28.11,62.32,211.69,3.74,1657.84,34.4,803278.58,76.26,36948.43,23.5,25.33,27151.43994,27348.40991,26868.19031,27097.45019,78536130000,27097.45019,510.809999,529.430002,491.370005,509.120003,509.120003
2008.03,1316.94,28.3,60.39,213.53,3.51,1597.58,34.33,775466.86,73.26,35560.04,22.61,24.38,26337.54993,26616.89002,26032.50024,26338.85986,93189170000,26338.85986,548.729997,573.29,511.620001,542.070002,542.070002
2008.04,1370.47,28.44,57.38,214.82,3.68,1652.5,34.29,803509.74,69.19,33643.98,23.36,25.2,30093.65979,30324.39001,29921.92993,30150.32007,85978630000,30150.32007,480.33,491.730004,463.789995,474.380001,474.380001
2008.05,1403.22,28.57,54.38,216.63,3.88,1677.86,34.17,817225.43,65.02,31668.59,23.7,25.58,29452.68005,29631.80969,29286.15979,29467.56995,80990480000,29467.56995,390.579999,403.03,373.519999,384.369993,384.369993
2008.06,1341.25,28.71,51.37,218.82,4.1,1587.76,33.99,774721.05,60.81,29671.89,22.42,24.22,28270.88013,28443.69019,28012.93017,28166.27026,96614040000,28166.27026,461.339998,482.729999,440.39,464.319999,464.319999
2008.07,1257.33,28.76,49.56,219.96,4.01,1480.64,33.86,723831.25,58.37,28533.07,20.91,22.6,27669.64978,27922.6001,27379.59998,27661.18005,1.24981E+11,27661.18005,538.869997,563.049998,514.05,535.070002,535.070002
2008.08,1281.47,28.8,47.76,219.09,3.89,1515.12,34.05,742072.23,56.46,27654.88,21.4,23.16,26878.02014,27082.86023,26684.78003,26910.91968,86266010000,26910.91968,439.56,452.249999,422.19,434.609998,434.609998
2008.09,1216.95,28.85,45.95,218.78,3.69,1440.83,34.16,707080.17,54.4,26698.17,20.36,22.05,25676.06995,26031.62012,25158.97009,25557.47998,1.40007E+11,25557.47998,618.899994,669.610006,590.279994,635.009996,635.009996
2008.1,968.8,28.7,35.59,216.57,3.81,1158.73,34.32,570046.13,42.57,20943.27,16.39,17.77,22468.99005,23086.33014,21618.33002,22282.42011,1.59823E+11,22282.42011,1390.749996,1539.820006,1275.570001,1407.079998,1407.079998
2008.11,883.04,28.54,25.24,212.43,3.53,1076.78,34.81,531157.36,30.77,15180.11,15.26,16.58,16847.1402,17214.11017,16347.61004,16777.77002,1.1566E+11,16777.77002,1204.599993,1264.939989,1120.709993,1190.149995,1190.149995
2008.12,877.56,28.39,14.88,210.23,2.42,1081.28,34.98,534815.47,18.33,9068.39,15.38,16.73,19297.95996,19619.36987,18934.97998,19306.35999,1.12884E+11,19306.35999,1170.739997,1203.140004,1112.019996,1152.910003,1152.910003
2009.01,865.58,28.01,12.21,211.14,2.52,1061.9,34.37,526644.96,14.98,7426.9,15.17,16.55,17368.74994,17580.11005,17045.38995,17311.51001,1.12091E+11,17311.51001,897.91001,941.349999,858.809996,893.660003,893.660003
2009.02,805.23,27.64,9.53,212.19,2.87,982.97,33.74,488896.2,11.64,5788.17,14.12,15.43,15368.48999,15557.91986,15096.66998,15299.32001,1.24492E+11,15299.32001,877.229998,908.030006,833.569999,865.839991,865.839991
2009.03,757.13,27.26,6.86,212.71,2.82,922.01,33.2,459952.99,8.35,4167.42,13.32,14.59,16591.05005,16933.27997,16342.84998,16656.78992,1.61844E+11,16656.78992,991.139998,1024.819999,947.230009,985.500007,985.500007
2009.04,848.15,26.7,7.08,213.24,2.93,1030.28,32.44,515312.66,8.6,4299.59,14.98,16.44,17730.59003,17989.90997,17551.37006,17811.18988,1.38855E+11,17811.18988,815.539993,830.15,783.20999,799.339996,799.339996
2009.05,902.41,26.15,7.29,213.86,3.29,1093.04,31.67,548020.28,8.83,4429.13,16,17.59,17996.9101,18218.48004,17826.90003,18048.17005,1.31615E+11,18048.17005,646.450004,668.130008,620.640005,639.560001,639.560001
2009.06,926.12,25.59,7.51,215.69,3.72,1112.2,30.73,558913.05,9.02,4532.28,16.38,18.04,20374.44,20546.37,20189.59998,20374.53003,1.12653E+11,20374.53003,644.270005,664.719997,622.859999,641.090002,641.090002
2009.07,935.82,25.03,9.19,215.35,3.56,1125.64,30.1,566924.53,11.05,5565.33,16.69,18.41,20513.61005,20695.04993,20368.51001,20588.07001,1.06636E+11,20588.07001,578.809996,595.469997,561.079997,575.58,575.58
2009.08,1009.73,24.46,10.86,215.83,3.59,1211.82,29.36,611562.94,13.04,6579.59,18.09,19.98,21164.03986,21327.32977,21025.10992,21204.21991,1.16059E+11,21204.21991,532.389997,551.709997,519.579999,532.079997,532.079997
2009.09,1044.55,23.9,12.54,215.97,3.4,1252.82,28.67,633462.44,15.04,7604.82,18.83,20.82,21902.44,22063.41016,21768.88996,21935.60004,1.12295E+11,21935.60004,527.289998,540.950003,507.500002,523.460004,523.460004
2009.1,1067.66,23.4,25.35,216.18,3.39,1279.31,28.04,648036,30.38,15386.65,19.36,21.42,23515.08008,23678.94019,23323.75006,23488.59985,1.13411E+11,23488.59985,530.299996,554.260003,509.38,533.550002,533.550002
2009.11,1088.07,22.91,38.16,216.33,3.4,1302.84,27.43,661114.96,45.69,23186.14,19.81,21.94,21700.20996,21862.65002,21580.30005,21761.38013,84981530000,21761.38013,488.840006,498.470002,464.52,475.669999,475.669999
2009.12,1110.38,22.41,50.97,215.95,3.59,1331.9,26.88,676997.62,61.14,31076.36,20.32,22.51,24423.94995,24545.83008,24328.94983,24428.30994,89515330000,24428.30994,470.489999,482.570004,457.040002,467.27,467.27
2010.01,1123.58,22.24,54.29,216.69,3.73,1343.15,26.59,683838.62,64.9,33042.24,20.53,22.74,21385.03028,21495.97974,21215.33008,21348.05005,90947580000,21348.05005,391.56,412.089996,373.960005,392.219995,392.219995
2010.02,1089.16,22.07,57.61,216.74,3.69,1301.68,26.38,663843.68,68.85,35113.33,19.92,22.07,20661.79016,20798.60022,20511.34009,20694.03979,84561340000,20694.03979,438.35,454.310002,418.039997,428.26,428.26
2010.03,1152.05,21.9,60.93,217.63,3.73,1371.21,26.07,700411.42,72.52,37043.59,21,23.27,26437.1698,26582.15991,26357.86975,26497.11987,1.03684E+11,26497.11987,412.589999,422.020006,400.299996,408.649998,408.649998
2010.04,1197.32,21.95,62.99,218.01,3.85,1422.62,26.08,727782.05,74.84,38285.98,21.8,24.15,25124.20996,25255.32031,24980.15979,25143.63989,1.16742E+11,25143.63989,364.989997,385.51,350.400005,365.909999,365.909999
2010.05,1125.06,21.99,65.04,218.18,3.42,1335.73,26.11,684442.8,77.22,39569.84,20.48,22.68,22582.1001,22793.11975,22180.90002,22501.24011,1.27663E+11,22501.24011,632.290003,694.130004,575.680001,638.59,638.59
2010.06,1083.36,22.04,67.1,217.97,3.2,1287.47,26.19,660836.65,79.74,40930.2,19.74,21.86,23898.2002,24094.39014,23643.75025,23833.9397,1.10107E+11,23833.9397,658.540001,686.069993,626.200002,658.160004,658.160004
2010.07,1079.8,22.14,68.69,218.01,3.01,1282.97,26.31,659651.48,81.61,41960.79,19.67,21.77,22612.55994,22812.94971,22420.97998,22675.87006,94778110000,22675.87006,545.960002,571.099999,520.960005,536.869994,536.869994
2010.08,1087.28,22.25,70.27,218.31,2.7,1290.08,26.4,664436.2,83.38,42943.99,19.77,21.88,23947.76001,24078.32996,23745.80017,23920.20996,85738250000,23920.20996,554.209996,570.049996,530.039999,544.409998,544.409998
2010.09,1122.08,22.35,71.86,218.44,2.65,1330.6,26.5,686441.31,85.21,43960.92,20.38,22.55,23484.25989,23667.31995,23396.47986,23563.71997,79589450000,23563.71997,476.669995,488.069999,463.389993,472.869996,472.869996
2010.1,1171.58,22.48,73.69,218.71,2.54,1387.57,26.62,716976.4,87.28,45096.36,21.24,23.49,24569.42969,24703.43005,24438.80982,24603.26001,89536270000,24603.26001,434.520005,447.62,420.549997,427.839997,427.839997
2010.11,1198.89,22.6,75.52,218.8,2.76,1419.31,26.76,734533.15,89.4,46269.42,21.7,23.99,25162.88965,25282.44006,24996.1499,25176.65979,87151070000,25176.65979,426.510004,440.029998,409.009998,422.010001,422.010001
2010.12,1241.53,22.73,77.35,219.18,3.29,1467.27,26.86,760511.35,91.41,47381.5,22.4,24.75,27255.78003,27372.44995,27195.23987,27313.55994,80984530000,27313.55994,390.909997,399.019998,377.789996,386.530002,386.530002
2011.01,1282.62,22.96,78.67,220.22,3.39,1508.65,27.01,783123.44,92.53,48033.18,22.98,25.38,25627.09009,25737.78015,25510.85999,25652.37,92164940000,25652.37,344.910001,358.899999,332.670001,346.309997,346.309997
2011.02,1321.12,23.2,79.99,221.31,3.58,1546.31,27.15,803846.4,93.62,48670.58,23.49,25.93,25048.52002,25166.19006,24943.02002,25101.23987,59223660000,25101.23987,336.94,345.319999,320.549997,331.169997,331.169997
2011.03,1304.49,23.43,81.31,223.47,3.41,1512.1,27.16,787239.33,94.25,49069.31,22.9,25.27,30006.1698,30180.3197,29805.98999,30003.18982,89507640000,30003.18982,474.960002,497.599999,452.369999,476.639999,476.639999
2011.04,1331.51,23.73,82.16,224.91,3.46,1533.54,27.33,799590.13,94.63,49340.22,23.14,25.53,26600.67004,26714.25,26499.84986,26630.10022,77364810000,26630.10022,327.16,338.619997,315.789998,324.880001,324.880001
2011.05,1338.31,24.04,83.02,225.96,3.17,1534.16,27.55,801107.92,95.17,49693.5,23.06,25.42,28114.76978,28249.95959,27952.28992,28104.51978,81708980000,28104.51978,359.330003,373.689999,340.850003,355.140003,355.140003
2011.06,1287.29,24.34,83.87,225.72,3,1477.25,27.93,772609.11,96.25,50337.32,22.1,24.36,28345.78992,28514.23999,28152.33008,28320.3501,86122730000,28320.3501,420.759999,439.869998,400.199994,421.370004,421.370004
2011.07,1325.19,24.62,84.91,225.92,3,1519.4,28.23,795882.22,97.35,50993.22,22.61,24.92,26533.47998,26681.07996,26350.39001,26503.69007,81102170000,26503.69007,381.699997,397.469999,367.880002,384.549998,384.549998
2011.08,1185.31,24.9,85.94,226.55,2.3,1355.28,28.47,711158.25,98.27,51563.99,20.05,22.09,27330.90002,27732.68005,26834.8103,27262.03003,1.08419E+11,27262.03003,794.540003,868.360007,740.239995,805.669998,805.669998
2011.09,1173.88,25.18,86.98,226.89,1.98,1340.18,28.75,704489.73,99.3,52199.98,19.7,21.71,24738.02978,24994.54016,24369.73962,24651.46021,1.02787E+11,24651.46021,771.509999,804.580008,737.910007,767.129995,767.129995
2011.1,1207.22,25.6,86.97,226.42,2.15,1381.09,29.28,727278.6,99.5,52394.28,20.16,22.21,25232.73987,25561.08996,24982.23023,25351.53992,98063670000,25351.53992,701.559996,727.859998,666.449999,689.410002,689.410002
2011.11,1226.42,26.01,86.96,226.23,2.01,1404.24,29.79,740776.31,99.57,52525.16,20.35,22.42,25760.45996,26014.78992,25478.90039,25754.7102,84275050000,25754.7102,676.229997,705.010001,650.189992,670.779997,670.779997
2011.12,1243.32,26.43,86.95,225.67,1.98,1427.11,30.34,754174.69,99.8,52742.25,20.52,22.62,26101.1698,26313.38989,25928.12988,26109.77979,74742430000,26109.77979,527.069999,542.549997,509.340001,526,526
2012.01,1300.58,26.74,87.48,226.67,1.97,1486.3,30.55,786796.98,99.97,52921.77,21.21,23.39,25958.34009,26091.75,25824.18994,26011.5603,79567560000,26011.5603,415.14,423.650002,396.059996,404.559999,404.559999
2012.02,1352.49,27.04,88.01,227.66,1.97,1538.84,30.77,815971.02,100.14,53097.33,21.8,24.03,26994.59985,27124.80981,26894.82996,27049.75,78385710000,27049.75,373.21,383.820001,354.810003,368.41,368.41
2012.03,1389.24,27.35,88.54,229.39,2.17,1568.74,30.88,833190,99.98,53101.44,22.05,24.32,30520.42029,30658.42017,30391.91016,30563.28003,83899660000,30563.28003,358.120001,373.230002,345.979997,355.680003,355.680003
2012.04,1386.43,27.67,88.33,230.09,2.05,1560.85,31.15,830379.2,99.45,52905.78,21.78,24.02,27738.67981,27885.49988,27571.12,27728.57971,74761710000,27728.57971,360.199998,371.359999,344.410004,356.459998,356.459998
2012.05,1341.27,28,88.13,229.82,1.8,1511.79,31.56,805674.15,99.33,52935.93,20.94,23.1,29592.57996,29730.83996,29346.84997,29507.99976,86920490000,29507.99976,460.44,481.690001,441.120003,462.039997,462.039997
2012.06,1323.48,28.32,87.92,229.48,1.62,1493.93,31.97,797575.22,99.24,52983.66,20.55,22.67,27743.92004,27970.71021,27552.16003,27793.17017,81582440000,27793.17017,448.829999,473.549999,426.049999,443.749998,443.749998
2012.07,1359.78,28.74,87.45,229.1,1.53,1537.41,32.5,822234.41,98.87,52877.42,21,23.17,28537.93006,28686.34998,28349.67017,28555.30017,73103810000,28555.30017,373.23,386.029997,358.470003,368.870003,368.870003
2012.08,1403.45,29.17,86.97,230.38,1.68,1578,32.79,845405.77,97.79,52390.72,21.41,23.63,32252.58948,32391.73987,32133.60986,32279.30994,70283810000,32279.30994,362.749997,373.62,351.53,360.859997,360.859997
2012.09,1443.42,29.59,86.5,231.41,1.72,1615.73,33.12,867098.95,96.83,51962.74,21.78,24.04,27390.87,27525.52002,27293.69995,27424.96997,69784280000,27424.96997,292.709998,302.809999,280.28,290.41,290.41
2012.1,1437.82,30.14,86.5,231.32,1.75,1610.09,33.75,865580.53,96.87,52075.78,21.58,23.82,30223.7998,30365.3302,30067.61011,30194.1499,71752320000,30194.1499,337.79,352.379999,330.089998,341.800001,341.800001
2012.11,1394.51,30.7,86.51,230.22,1.65,1569.02,34.54,845051.42,97.33,52421.7,20.9,23.07,29280.36011,29457.35022,29097.8103,29284.76013,71489310000,29284.76013,351.529999,362.629999,339.390003,350.740002,350.740002
2012.12,1422.29,31.25,86.51,229.6,1.72,1604.6,35.26,865795.39,97.6,52661.52,21.24,23.46,28436.07007,28573.03003,28293.79016,28445.70984,66388180000,28445.70984,348.459996,361.599999,335.520002,346.139996,346.139996
2013.01,1480.4,31.54,86.91,230.28,1.91,1665.23,35.47,900106.79,97.76,52840.64,21.9,24.19,31016.37,31145.37,30926.83984,31088.30005,75848510000,31088.30005,287.69,293.44,278.57,283.61,283.61
2013.02,1512.31,31.82,87.3,232.17,1.98,1687.31,35.51,913638.27,97.41,52742.93,22.05,24.37,28717.34998,28858.66992,28587.8501,28733.92005,69273480000,28733.92005,264.32,278.45,254.79,267.380001,267.380001
2013.03,1550.83,32.11,87.7,232.77,1.96,1725.77,35.73,936078.7,97.59,52935.59,22.42,24.78,30962.10974,31087.77991,30847.96972,31016.57971,68527110000,31016.57971,263.02,273.97,252.56,260.63,260.63
2013.04,1570.7,32.5,88.78,232.53,1.76,1749.71,36.2,950695.16,98.9,53737.75,22.6,24.98,34527.22998,34704.75977,34342.34021,34555.44983,77098000000,34555.44983,307.57,325.240001,295.88,307.279999,307.279999
2013.05,1639.84,32.88,89.87,232.95,1.93,1823.48,36.57,992435.09,99.93,54387.52,23.41,25.88,36030.75977,36230.38001,35889.70996,36076.53992,76447250000,36076.53992,298.02,306.99,289.59,296.859999,296.859999
2013.06,1618.77,33.27,90.95,233.5,2.3,1795.74,36.91,979012.05,100.89,55005.43,22.93,25.35,32408.57007,32592.1499,32180.2898,32375.45032,74946790000,32375.45032,344.809999,362.419998,330.450002,345.43,345.43
2013.07,1668.68,33.65,92.09,233.6,2.58,1850.38,37.31,1010494.63,102.12,55766.5,23.49,25.98,36648.54028,36813.80994,36552.77991,36710.85974,68106820000,36710.85974,312.089999,320.110001,302.380001,307.440003,307.440003
2013.08,1670.09,34.02,93.23,233.88,2.74,1849.72,37.68,1011848.24,103.26,56484.75,23.36,25.83,36784.94031,36903.69043,36610.91028,36742.06006,64802810000,36742.06006,313.279999,322.929998,302.160001,312.619999,312.619999
2013.09,1687.17,34.4,94.37,234.15,2.81,1866.46,38.06,1022743.76,104.4,57206.05,23.44,25.92,33708.47974,33857.79968,33597.30969,33743.4701,66174410000,33743.4701,296.409999,304.120001,287.000001,293.840001,293.840001
2013.1,1720.03,34.6,96.31,233.55,2.62,1907.73,38.37,1047107.4,106.82,58632.93,23.83,26.36,39489.49011,39674.21985,39333.2699,39560.61023,76647400000,39560.61023,358.119996,372.129997,343.45,354.38,354.38
2013.11,1783.54,34.79,98.26,233.07,2.72,1982.22,38.67,1089761.42,109.2,60035.84,24.64,27.25,35630.42981,35771.42017,35526.17993,35670.82007,63628190000,35670.82007,259.75,266.74,252.48,258.48,258.48
2013.12,1807.78,34.99,100.2,233.05,2.9,2009.33,38.89,1106448.86,111.37,61327.25,24.86,27.48,37934.98975,38063.10987,37811.06995,37963.27991,64958820000,37963.27991,297.210001,307.16,288.64,298.04,298.04
2014.01,1822.36,35.4,100.42,233.92,2.86,2018.03,39.2,1113037.46,111.2,61331.19,24.86,27.47,38339.65015,38453.42004,38112.31018,38269.48987,75871910000,38269.48987,295.930002,310.06,287.029999,299.06,299.06
2014.02,1817.04,35.82,100.63,234.78,2.71,2004.72,39.52,1107515.66,111.03,61337.67,24.59,27.17,34447.41992,34659.38025,34322.02991,34523.66004,69725590000,34523.66004,298.5,307.329998,284.15,293.930003,293.930003
2014.03,1863.52,36.23,100.85,236.29,2.72,2042.85,39.72,1130406.35,110.55,61175.35,24.96,27.57,39134.24023,39317.54004,38945.96997,39133.99011,71885030000,39133.99011,309.269998,324.88,298.69,311.569999,311.569999
2014.04,1864.26,36.61,101.61,237.07,2.71,2036.94,40,1128984.04,111.02,61532.35,24.79,27.37,39154.83997,39320.38013,38948.73999,39149.53003,71595810000,39149.53003,299.599998,314.45,290.18,298.160002,298.160002
2014.05,1889.77,37,102.36,237.9,2.56,2057.63,40.28,1142310.17,111.46,61875.61,24.94,27.54,39648.37988,39786.52991,39505.31018,39685.10998,63623630000,39685.10998,267.21,273.26,257.58,261.98,261.98
2014.06,1947.09,37.38,103.12,238.34,2.6,2116.1,40.62,1176650.27,112.07,62316.68,25.56,28.21,40847.83008,40951.88989,40729.05017,40888.83984,63283380000,40888.83984,245.25,252.72,236.62,242.37,242.37
2014.07,1973.1,37.75,104.07,238.25,2.54,2145.2,41.04,1194735.68,113.14,63013.61,25.82,28.49,43441.43006,43560.93006,43264.32996,43408.19971,66524690000,43408.19971,263.97,281.050001,256.92,270.520001,270.520001
2014.08,1961.53,38.12,105.01,237.85,2.42,2136.19,41.51,1191644.07,114.36,63796.38,25.62,28.26,41132.17993,41300.51013,41014.85999,41192.17004,58131140000,41192.17004,285.979998,299.389997,273.31,283.440003,283.440003
2014.09,1993.23,38.49,105.96,238.03,2.53,2169.08,41.89,1211938.57,115.31,64426.59,25.92,28.58,41882.19983,42019.73022,41683.13001,41857.75,66706000000,41857.75,284.469999,299.600001,271.93,282.799999,282.799999
2014.1,1937.27,38.81,104.74,237.43,2.3,2113.5,42.34,1182851.3,114.27,63953.81,25.16,27.74,44514.41003,44852.00989,44190.85034,44557.31006,93714040000,44557.31006,418.350003,450.379994,390.61,414.370005,414.370005
2014.11,2044.57,39.12,103.53,236.15,2.33,2242.67,42.91,1257144.64,113.56,63655.44,26.61,29.32,38803.52991,38908.80982,38708.13013,38846.87,63600190000,38846.87,259.3,268.77,250.25,254.85,254.85
2014.12,2054.27,39.44,102.31,234.81,2.21,2266.16,43.51,1272344.07,112.86,63367.29,26.79,29.52,45204.02026,45455.44055,44993.12048,45193.85999,80743820000,45193.85999,357.329999,384.84,332.670001,358.860002,358.860002
2015.01,2028.18,39.9,101.29,233.71,1.88,2247.95,44.22,1264193.2,112.27,63135.49,26.49,29.17,40627.85962,40872.37012,40267.54993,40563.57019,77330040000,40563.57019,382.909999,412.650001,364.140003,382.389997,382.389997
2015.02,2082.2,40.35,100.27,234.72,1.98,2297.85,44.53,1294339.32,110.65,62329.94,27,29.72,39455.67981,39637.21008,39323.36987,39561.72009,68775560000,39561.72009,311.75,322.299997,296.129998,302.179999,302.179999
2015.03,2079.99,40.81,99.25,236.12,2.04,2281.83,44.77,1287417.22,108.88,61431.14,26.73,29.42,45793.60022,45991.21973,45542.19031,45759.78967,76675850000,45759.78967,327.829999,340.090005,313.250002,325.880002,325.880002
2015.04,2094.86,41.12,97.8,236.6,1.94,2293.48,45.02,1296107.18,107.08,60511.73,26.79,29.48,43974.59058,44157.36963,43785.6604,43992.11963,72060940000,43992.11963,288.69,300.58,274.34,283.39,283.39
2015.05,2111.94,41.43,96.36,237.81,2.2,2300.45,45.13,1302173.33,104.96,59411.29,26.81,29.49,42221.98999,42392.29932,42062.71973,42238.87036,65187730000,42238.87036,269.41,279.260001,258.74,266.77,266.77
2015.06,2099.29,41.74,94.91,238.64,2.36,2278.69,45.31,1291992.61,103.02,58411.66,26.5,29.14,46230.67993,46406.80982,46025.70019,46184.24048,73213980000,46184.24048,315.580001,330.649999,302.15,315.47,315.47
2015.07,2094.14,42,93.49,238.65,2.32,2272.95,45.58,1290890.41,101.48,57632.08,26.38,29.01,46045.77002,46255.37012,45847.20984,46071.15979,77920590000,46071.15979,318.289997,336.310001,302.120002,315.76,315.76
2015.08,2039.87,42.25,92.08,238.32,2.17,2217.18,45.93,1261393.76,100.08,56937.42,25.69,28.25,42964.48987,43228.54004,42524.42017,42837.19031,84626790000,42837.19031,384.81,447.390003,363.959998,407.990001,407.990001
2015.09,1944.41,42.51,90.66,237.95,2.17,2116.72,46.28,1206432.89,98.69,56251.1,24.5,26.94,40892.55017,41210.99036,40524.02991,40832.45007,79989370000,40832.45007,515.779998,549.47,481.849997,511.920001,511.920001
2015.1,2024.81,42.8,89.28,237.84,2.07,2205.24,46.62,1259097.4,97.24,55519.49,25.49,28.03,44394.67004,44672.73023,44208.94995,44545.87976,85844900000,44545.87976,376.76,394.700003,355.329996,369.370002,369.370002
2015.11,2080.62,43.1,87.91,237.34,2.26,2270.81,47.04,1298776.56,95.94,54873.6,26.23,28.83,41605.51978,41790.91028,41411.45984,41612.33008,75943590000,41612.33008,325.73,344.609996,309.940001,324.199999,324.199999
2015.12,2054.08,43.39,86.53,236.53,2.24,2249.54,47.52,1288870.9,94.76,54294.87,25.97,28.54,45232.14002,45493.63086,44909.64026,45189.75036,83649260000,45189.75036,392.760001,424.459992,371.809997,396.560006,396.560006
2016.01,1918.6,43.55,86.5,236.92,2.09,2097.7,47.62,1204148.22,94.57,54288.97,24.21,26.61,36568.14002,36851.59973,36067.19006,36453.35986,92409770000,36453.35986,453.909994,487.64,427.079997,450.640001,450.640001
2016.02,1904.42,43.72,86.47,237.11,1.78,2080.48,47.76,1196550.19,94.46,54329.24,24,26.39,38096.09973,38345.21985,37745.58996,38088.36987,93049560000,38088.36987,459.639997,484.36,434.569998,450.339997,450.339997
2016.03,2021.95,43.88,86.44,238.13,1.89,2199.41,47.73,1267235.26,94.03,54175.33,25.37,27.89,44343.47986,44595.75977,44188.34009,44482.98999,92639420000,44482.98999,360.509997,369.040002,340.950001,348.680002,348.680002
2016.04,2075.54,44.07,86.6,239.26,1.81,2247.05,47.72,1296975.03,93.76,54115.09,25.92,28.5,43576.55054,43751.92041,43370.57007,43586.23987,81124990000,43586.23987,304.38,317.08,289.59,300.31,300.31
2016.05,2065.55,44.27,86.76,240.23,1.81,2227.22,47.73,1287827.28,93.55,54093.05,25.69,28.24,43345.9895,43539.5,43163.69971,43376.56006,78883600000,43376.56006,317.550002,330.369998,301.970001,311.909999,311.909999
2016.06,2083.89,44.46,86.92,241.02,1.64,2239.64,47.78,1297311.03,93.42,54111.43,25.84,28.4,45836.32995,46064.29993,45585.40076,45845.61011,86852700000,45845.61011,392.11,414.949998,365.629997,391.04,391.04
2016.07,2148.9,44.65,87.64,240.63,1.5,2313.25,48.06,1342270.91,94.35,54744.8,26.69,29.33,42912.92994,43068.77002,42791.18945,42978.03955,69530250000,42978.03955,267.379999,279.470002,256.81,263.17,263.17
2016.08,2170.95,44.84,88.37,240.85,1.56,2334.84,48.23,1357131.64,95.04,55240.89,26.95,29.61,50085.09033,50201.4497,49934.45996,50082.08984,75610310000,50082.08984,285.77,301.01,274.66,285.19,285.19
2016.09,2157.69,45.03,89.09,241.43,1.63,2315.02,48.31,1347947.73,95.59,55656.12,26.73,29.36,45309.05053,45503.08057,45092.65039,45311.51026,77270240000,45311.51026,300.769997,324.339999,279.73,298.609998,298.609998
2016.1,2143.02,45.25,90.91,241.73,1.76,2296.41,48.49,1339469.02,97.42,56822.21,26.53,29.13,45069.87989,45177.80957,44878.19995,45003.4397,73196630000,45003.4397,306.999998,322.5,293.439998,306.290001,306.290001
2016.11,2164.99,45.48,92.73,241.35,2.14,2323.57,48.81,1357681.65,99.52,58151.69,26.85,29.48,45398.64014,45608.67041,45244.76001,45464.69946,88299760000,45464.69946,324.330004,343.86,304.41,319.959998,319.959998
2016.12,2246.63,45.7,94.55,241.43,2.49,2410.4,49.03,1410805.16,101.44,59374.1,27.87,30.59,47168.89014,47325.25024,47043.72021,47179.20996,75251240000,47179.20996,262.09,272.41,251.08,261.92,261.92
2017.01,2275.12,45.93,96.46,242.84,2.43,2426.82,48.99,1422807.51,102.9,60325.94,28.06,30.79,45470.63941,45587.29028,45335.11011,45502.31958,70483180000,45502.31958,236.93,245.73,227.21,232.17,232.17
2017.02,2329.91,46.15,98.38,243.6,2.42,2477.47,49.08,1454899.9,104.61,61430.79,28.66,31.43,44186.12036,44322.91992,44102.68018,44268.3003,69162420000,44268.3003,220.44,228.35,212.04,219.08,219.08
2017.03,2366.82,46.38,100.29,243.8,2.48,2514.68,49.28,1479159.37,106.56,62676.88,29.09,31.89,54437.98023,54600.60034,54258.10913,54436.90991,81547770000,54436.90991,276.17,285.61,261.28,273.65,273.65
2017.04,2359.31,46.66,101.53,244.52,2.3,2499.29,49.43,1472529.15,107.56,63370.56,28.9,31.67,44842.8501,44976.32007,44694.16968,44826.87964,65265670000,44826.87964,249.300001,261.93,237.8,249.59,249.59
2017.05,2395.35,46.94,102.78,244.73,2.3,2535.3,49.68,1496185.58,108.78,64196.45,29.31,32.1,52678.34009,52789.11035,52549.57959,52697.60938,79607170000,52697.60938,239.6,253.029999,228.53,238.97,238.97
2017.06,2433.99,47.22,104.02,244.96,2.19,2573.86,49.93,1521398.74,110,65019.12,29.75,32.56,53563.03931,53688.22949,53378.37012,53547.67993,81002490000,53547.67993,231.59,248.69,220.52,231.3,231.3
2017.07,2454.1,47.54,105.04,244.79,2.32,2596.92,50.3,1537505.65,111.15,65808.07,30,32.82,49060.7898,49164.48022,48945.27979,49082.05005,63169400000,49082.05005,206.58,217.73,198.54,205.29,205.29
2017.08,2456.22,47.85,106.06,245.52,2.21,2591.4,50.49,1536730.54,111.9,66356.29,29.91,32.71,56505.24927,56664.19971,56338.06006,56493.13062,70616030000,56493.13062,276.14,296.360002,257.87,275.440001,275.440001
2017.09,2492.84,48.17,107.08,246.82,2.2,2616.18,50.55,1553925.36,112.38,66748.9,30.17,32.97,49826.64991,49924.16016,49726.12988,49856.8208,66337980000,49856.8208,211.74,220.83,204.06,208.76,208.76
2017.1,2557,48.42,108.01,246.66,2.36,2685.22,50.85,1597444.9,113.43,67479.6,30.92,33.78,56227.76001,56329.40991,56122.2002,56253.93994,70871570000,56253.93994,222.71,233.77,215.41,222.76,222.76
2017.11,2593.61,48.68,108.95,246.67,2.35,2723.6,51.12,1622811.11,114.41,68167.48,31.3,34.17,54396.42944,54546.0293,54285.46997,54465.72046,73173260000,54465.72046,221.52,235.46,211.55,221.35,221.35
2017.12,2664.34,48.93,109.88,246.52,2.4,2799.52,51.41,1670599.88,115.45,68897.18,32.09,35.02,53321.3999,53447.79956,53169.37988,53286.81055,65251190000,53286.81055,203.19,214.8,194.73,205.29,205.29
2018.01,2789.8,49.29,111.73,247.87,2.58,2915.46,51.51,1742349.51,116.77,69782.25,33.31,36.33,58499.41968,58724.90064,58332.15039,58585.88013,76860120000,58585.88013,229.16,243.37,222.17,232.31,232.31
2018.02,2705.16,49.64,113.59,248.99,2.86,2814.24,51.65,1684433.52,118.17,70727.49,32.04,34.93,51495.11987,51986.07984,50952.92041,51397.94971,79579410000,51397.94971,418.360002,493.440001,359.589997,426.829994,426.829994
2018.03,2702.77,50,115.44,249.55,2.84,2805.42,51.9,1681737.19,119.82,71829.92,31.81,34.68,56865.06006,57231.75,56386.29004,56758.25024,76369800000,56758.25024,401.519995,438.659996,369.149999,399.500005,399.500005
2018.04,2653.63,50.33,117.79,250.55,2.87,2743.5,52.03,1647222.8,121.78,73115.27,30.97,33.75,55810.46973,56134.18042,55368.99023,55726.1294,69648590000,55726.1294,388.650001,414.219999,365.81,383.619998,383.619998
2018.05,2701.49,50.66,120.13,251.59,2.98,2781.42,52.16,1672595.96,123.69,74379.15,31.24,34.04,59380.68042,59620.65064,59102.57935,59432.85962,75617280000,59432.85962,311.83,332.910001,294.82,310.74,310.74
2018.06,2754.35,50.99,122.48,251.99,2.91,2831.33,52.42,1705236.5,125.9,75828.19,31.63,34.46,57854.3999,58051.61987,57627.76953,57841.41065,77439710000,57841.41065,289.16,307.860003,271.61,287.24,287.24
2018.07,2793.64,51.44,125.12,252.01,2.89,2871.52,52.87,1732098.25,128.6,77574.19,31.89,34.73,58580.28027,58811.42993,58422.66992,58666.5105,64542170000,58666.5105,282.160001,293.32,264.93,276.099999,276.099999
2018.08,2857.82,51.89,127.75,252.15,2.89,2935.86,53.31,1773586.54,131.24,79284.77,32.39,35.27,65654.5498,65883.30957,65514.37036,65729.86987,69238220000,65729.86987,290.44,304.070001,275.93,288.58,288.58
2018.09,2901.5,52.34,130.39,252.44,3,2977.27,53.71,1801308.43,133.8,80948.68,32.62,35.52,55129.83008,55289.9397,54981.16968,55128.50977,62492080000,55128.50977,247.61,258.59,237.17,245.3,245.3
2018.1,2785.46,52.81,131.06,252.89,3.15,2853.16,54.09,1728946,134.24,81347.39,31.04,33.79,64309.74023,64696.33985,63619.23023,64065.68994,91327930000,64065.68994,436.309999,490.989993,407.259994,445.099994,445.099994
2018.11,2723.23,53.28,131.72,252.04,3.12,2798.79,54.76,1698765.27,135.38,82169.71,30.2,32.88,57112.68994,57519.21997,56742.76978,57187.85987,80080110000,57187.85987,407.980006,436.859997,391.190005,407.17,407.17
2018.12,2567.31,53.75,132.39,251.23,2.83,2647,55.42,1609436.16,136.5,82994.75,28.29,30.82,49033.34985,49474.51978,48250.3999,48778.84033,83522570000,48778.84033,470.290004,510.459994,438.389998,474.109998,474.109998
2019.01,2607.39,54.15,133.06,251.71,2.71,2683.21,55.72,1634274.94,136.93,83398.02,28.38,30.93,54555.87036,54960.71973,54284.89038,54755.18994,80401630000,54755.18994,427.510002,444.299998,400.170002,411.019996,411.019996
2019.02,2754.86,54.54,133.72,252.78,2.68,2823.04,55.89,1722275.8,137.03,83600.79,29.54,32.21,52252.70068,52466.84009,52106.51001,52342.41992,70183430000,52342.41992,295.139997,305.619998,281.36,289.459999,289.459999
2019.03,2803.98,54.94,134.39,254.2,2.57,2857.25,55.98,1745996.98,136.94,83682.67,29.58,32.26,58875.50025,59131.07983,58586.69971,58883.65967,78596280000,58883.65967,307.799999,326.619998,292.99,304.189999,304.189999
2019.04,2903.8,55.32,134.68,255.55,2.53,2943.38,56.07,1801485.09,136.52,83556.04,30.13,32.88,60917.02026,61083.99976,60745.61011,60979.79956,69604840000,60979.79956,276.23,284.72,264.1,271.93,271.93
2019.05,2854.71,55.7,134.98,256.09,2.4,2887.48,56.34,1770141.54,136.53,83696,29.24,31.93,62817.76001,63145.07983,62452.61035,62803.53003,76860120000,62803.53003,368.11,403.339996,346.710003,367.879997,367.879997
2019.06,2890.17,56.08,135.27,256.14,2.06,2922.76,56.71,1794669.77,136.8,83996.78,29.28,31.99,57753.72021,58014.87036,57571.23023,57803.31958,70881390000,57803.31958,320.389998,331.060001,307.96,316.719999,316.719999
2019.07,2996.11,56.46,134.48,256.57,1.63,3024.85,57,1860269.27,135.77,83497.84,29.99,32.77,65907.43018,66085.96997,65651.19043,65914.5,70349470000,65914.5,292.55,307.149999,280,292.730001,292.730001
2019.08,2897.5,56.84,133.69,256.56,1.63,2925.43,57.39,1802071.74,134.98,83147.24,28.71,31.39,63826.83984,64192.00977,63288.38989,63743.90991,79599440000,63743.90991,414.590005,454.56,387.240003,417.539998,417.539998
2019.09,2982.16,57.22,132.9,256.76,1.7,3008.55,57.73,1856235.23,134.08,82723.26,29.23,31.97,59641.65991,59841.92017,59372.29004,59643.12012,73992330000,59643.12012,316.419998,332.33,299.790001,311.179998,311.179998
2019.1,2977.68,57.56,135.15,257.35,1.71,2997.18,57.94,1852200.35,136.04,84069.16,28.84,31.56,68469.94018,68779.50049,68193.95996,68486.52954,77564550000,68486.52954,361.610004,378.629999,342.34,355.730001,355.730001
2019.11,3104.9,57.9,137.41,257.21,1.81,3126.92,58.31,1935376.67,138.38,85649.54,29.84,32.66,62031.1897,62187.80029,61886.59009,62098.08985,72179920000,62098.08985,254.34,262.25,245.18,250.47,250.47
2019.12,3176.75,58.24,139.66,256.97,1.86,3202.18,58.71,1984990.85,140.78,87266.5,30.33,33.21,66680.53003,66863.0398,66518.89038,66711.73975,72054000000,66711.73975,287.749999,304.17,272.72,288.89,288.89
2020.01,3278.2,,,257.97,1.76,3291.68,,2040467.39,,,30.98,33.87,68812.92041,69083.66968,68551.27002,68842.26001,77104420000,68842.26001,296.850001,315.31,278.9,292.76,292.76
2020.02,3277.31,,,258.68,1.5,3281.79,,2034338.92,,,30.79,33.64,62426.53979,62741.99976,61932.95996,62268.96948,84292270000,62268.96948,363.61,400.649997,345.300002,372.949999,372.949999
2020.03,2480.64,,,259.03,0.76,2480.64,,1537715.11,,,23.2,25.34,26280.21997,26660.6499,25512.07983,26070.84009,62158010000,26070.84009,394.490003,464.710003,356.5,414.919997,414.919997